#{"t_start": 1776952293.2457862, "env_id": "HalfCheetah-v5"}
r,l,t
-56.879539,1000,0.118861
-158.124323,1000,0.222812
9.615723,1000,0.555987
-146.709801,1000,0.66294
-102.936116,1000,0.9916
80.559514,1000,1.095734
364.605568,1000,1.423833
565.441144,1000,1.528285
488.625416,1000,1.856447
-45.886657,1000,1.960536
125.485085,1000,2.287637
-64.902417,1000,2.391849
-69.300384,1000,2.719513
320.931248,1000,2.826438
172.492843,1000,3.158363
259.257757,1000,3.264607
-193.395851,1000,3.592085
333.631054,1000,3.697648
-52.678627,1000,4.026631
-133.198777,1000,4.132096
226.373883,1000,4.461621
-64.048184,1000,4.566609
403.99987,1000,4.895434
329.107624,1000,5.000942
313.333405,1000,5.330121
476.407408,1000,5.435629
-13.710213,1000,5.766388
318.975714,1000,5.872044
201.589615,1000,6.200963
601.254695,1000,6.306989
214.999731,1000,6.644632
454.076713,1000,6.750513
730.730323,1000,7.080941
-58.716978,1000,7.187297
299.557306,1000,7.517714
425.18038,1000,7.62374
665.089753,1000,7.952237
480.588045,1000,8.058184
524.814984,1000,8.386888
661.360594,1000,8.492848
409.519897,1000,8.821875
38.109441,1000,8.928248
392.058624,1000,9.034058
523.117186,1000,9.363823
360.847143,1000,9.469293
718.052073,1000,9.799769
-37.405582,1000,9.908677
364.950359,1000,10.238245
714.389467,1000,10.344116
-34.821799,1000,10.674172
524.192181,1000,10.780238
667.873286,1000,11.10838
661.962082,1000,11.213446
444.369152,1000,11.542728
625.999047,1000,11.648761
862.978033,1000,11.97768
565.409375,1000,12.083707
21.066539,1000,12.413606
293.029911,1000,12.519864
43.416478,1000,12.849949
270.220787,1000,12.955463
717.021617,1000,13.283933
275.964307,1000,13.390088
749.641485,1000,13.719029
785.338415,1000,13.824877
67.658239,1000,14.1544
504.824225,1000,14.259885
333.327352,1000,14.589372
960.545325,1000,14.6953
855.066834,1000,15.025599
114.588894,1000,15.131597
582.18864,1000,15.461356
234.053463,1000,15.566833
903.243334,1000,15.894885
1036.823042,1000,16.001259
904.295601,1000,16.330234
601.34492,1000,16.436581
79.983737,1000,16.767657
558.091616,1000,16.87384
329.261452,1000,17.203414
536.496864,1000,17.309623
737.453486,1000,17.638355
704.15847,1000,17.744393
951.843337,1000,18.072834
234.82962,1000,18.179348
644.217199,1000,18.285385
1097.52909,1000,18.616754
1083.280346,1000,18.721486
1066.496753,1000,19.051492
358.655223,1000,19.157673
696.023287,1000,19.486696
1088.768477,1000,19.592451
677.762523,1000,19.922016
129.348029,1000,20.028405
1395.509402,1000,20.357698
529.575625,1000,20.463178
1154.304378,1000,20.79171
396.203705,1000,20.896712
1075.242332,1000,21.226939
447.634337,1000,21.33347
1064.603014,1000,21.663053
191.887561,1000,21.770889
504.27184,1000,22.101485
1338.90868,1000,22.208048
341.320222,1000,22.538093
173.996098,1000,22.64379
193.79969,1000,22.973572
246.72777,1000,23.079722
1521.223261,1000,23.409258
1039.902865,1000,23.516185
273.66653,1000,23.846226
582.807945,1000,23.952371
1515.332919,1000,24.282597
381.872853,1000,24.389422
361.582059,1000,24.719975
650.034943,1000,24.826718
453.625129,1000,25.156882
651.479098,1000,25.263572
1760.775765,1000,25.592316
500.321489,1000,25.698651
859.639591,1000,26.029662
667.993765,1000,26.135302
773.2804,1000,26.465155
973.499067,1000,26.572498
738.075366,1000,26.901647
621.360054,1000,27.007634
821.877947,1000,27.337652
402.547568,1000,27.444768
1009.595877,1000,27.551387
371.710376,1000,27.882203
887.058512,1000,27.988648
822.454966,1000,28.318601
422.253823,1000,28.424381
620.460811,1000,28.754035
607.731477,1000,28.859521
586.272524,1000,29.188828
1228.995821,1000,29.294293
575.103043,1000,29.624079
626.465958,1000,29.731358
1020.80546,1000,30.061318
670.966322,1000,30.167803
818.863931,1000,30.497278
1345.806712,1000,30.601955
1159.721337,1000,30.932252
1077.870544,1000,31.040052
580.412499,1000,31.373073
847.328128,1000,31.479474
526.842203,1000,31.81955
1126.440853,1000,31.92597
718.500887,1000,32.258716
832.333868,1000,32.364924
924.203669,1000,32.694698
1147.98419,1000,32.800299
1592.788398,1000,33.12942
566.244122,1000,33.235708
1413.916724,1000,33.564134
756.744448,1000,33.669525
1016.406153,1000,34.000257
664.459643,1000,34.106794
818.703074,1000,34.440052
675.803979,1000,34.545964
1964.932602,1000,34.874973
578.071818,1000,34.982875
683.275948,1000,35.312448
1142.050678,1000,35.418368
841.59767,1000,35.74758
1027.367438,1000,35.852652
2270.353993,1000,36.183798
662.817993,1000,36.290721
1764.197734,1000,36.623622
939.536786,1000,36.729661
815.486967,1000,36.835448
881.944727,1000,37.163972
850.432474,1000,37.269676
814.827026,1000,37.59889
2320.36202,1000,37.703447
1138.329404,1000,38.033099
2110.085077,1000,38.138533
1294.675299,1000,38.466856
1018.825354,1000,38.572274
1896.676208,1000,38.901633
1460.144926,1000,39.009422
1188.153007,1000,39.340128
1052.619936,1000,39.445428
1209.611405,1000,39.774747
848.492946,1000,39.880453
845.903045,1000,40.210072
1663.664639,1000,40.315659
776.862263,1000,40.644673
965.300846,1000,40.75054
1970.82983,1000,41.080055
1737.547817,1000,41.185444
1410.644861,1000,41.514477
818.973191,1000,41.620186
892.21373,1000,41.949512
1122.003266,1000,42.055524
990.849316,1000,42.384477
1039.122632,1000,42.490019
1210.30295,1000,42.81935
1123.794741,1000,42.925671
2725.60501,1000,43.255421
2009.546556,1000,43.360585
860.828417,1000,43.689868
858.989243,1000,43.796754
1095.352135,1000,44.125742
1463.67489,1000,44.231661
815.978061,1000,44.561325
1197.718759,1000,44.667728
1371.568905,1000,44.997503
951.007745,1000,45.103074
1214.909793,1000,45.431797
1421.189042,1000,45.538246
1295.825442,1000,45.868545
2453.199895,1000,45.974399
1592.929252,1000,46.079563
1811.662865,1000,46.40942
1627.392145,1000,46.51456
1997.155588,1000,46.849117
1538.747615,1000,46.954466
1581.421074,1000,47.285036
2222.972366,1000,47.390712
1592.671296,1000,47.720271
1852.339484,1000,47.826044
1097.552665,1000,48.155706
2407.948115,1000,48.260683
1050.800289,1000,48.591452
1336.801039,1000,48.697023
1322.814998,1000,49.027146
2292.571853,1000,49.132594
1302.681831,1000,49.463145
1839.563402,1000,49.569442
1146.658399,1000,49.899373
988.934522,1000,50.005821
2369.326844,1000,50.336433
1931.275991,1000,50.441881
1585.193974,1000,50.771523
2604.888226,1000,50.876963
1120.836579,1000,51.20724
1446.192775,1000,51.312665
2783.210874,1000,51.642062
1150.529615,1000,51.748303
1644.277825,1000,52.078433
1178.059819,1000,52.184495
964.049146,1000,52.515154
1231.738257,1000,52.621854
2915.199265,1000,52.951362
2380.395099,1000,53.056493
1944.346353,1000,53.385467
1952.732762,1000,53.492384
1084.856925,1000,53.823374
2778.807446,1000,53.928673
2822.959338,1000,54.258932
2228.384278,1000,54.365219
2826.483863,1000,54.695955
1392.846247,1000,54.802834
1799.916845,1000,54.908404
1204.528908,1000,55.243464
845.446871,1000,55.349321
2109.077289,1000,55.681274
1012.142692,1000,55.788805
1553.841301,1000,56.122239
1850.007382,1000,56.229095
2677.420921,1000,56.561926
2775.071905,1000,56.668116
2783.761951,1000,56.999555
2739.448214,1000,57.104378
1243.555794,1000,57.435098
1653.404986,1000,57.541287
1570.133376,1000,57.871974
2363.563859,1000,57.977354
1200.941153,1000,58.308698
2739.760735,1000,58.414545
2851.9142,1000,58.745768
2883.56298,1000,58.850458
1045.75324,1000,59.19263
2110.449174,1000,59.298292
1694.684182,1000,59.628431
2871.842297,1000,59.733075
2793.713988,1000,60.063796
2928.021524,1000,60.169609
1593.647425,1000,60.499695
2647.113491,1000,60.605236
2537.163476,1000,60.934829
2938.39569,1000,61.040381
2860.134807,1000,61.37032
1597.033133,1000,61.475556
2150.975904,1000,61.806085
2687.799938,1000,61.911376
3016.267743,1000,62.240941
1858.078635,1000,62.347249
1994.957862,1000,62.678724
2776.136308,1000,62.784599
1026.659665,1000,63.116138
1958.531069,1000,63.222086
2120.314391,1000,63.553014
2235.033301,1000,63.658729
2637.668526,1000,63.988155
1495.007007,1000,64.094312
2616.02159,1000,64.199745
2942.194633,1000,64.53033
1312.191152,1000,64.635785
1104.512447,1000,64.968378
1686.106992,1000,65.074539
1843.128051,1000,65.405946
2543.602646,1000,65.511746
2799.838482,1000,65.842708
3035.565407,1000,65.948187
1036.202658,1000,66.280081
1405.286298,1000,66.385935
1050.896498,1000,66.724201
1107.642402,1000,66.831399
2692.345951,1000,67.163472
1501.83295,1000,67.268901
2495.159604,1000,67.601042
1021.326988,1000,67.70737
2752.383619,1000,68.038512
2882.055709,1000,68.143779
1770.231298,1000,68.475546
3228.582091,1000,68.581097
1831.605496,1000,68.912245
2255.71884,1000,69.018003
3176.815545,1000,69.349281
3063.07299,1000,69.454396
1917.185849,1000,69.785397
3090.618084,1000,69.890863
2772.704787,1000,70.222303
2372.203078,1000,70.327658
1308.569549,1000,70.65875
3018.223772,1000,70.764512
1597.020484,1000,71.096261
2954.728228,1000,71.202472
3320.794494,1000,71.532579
3003.998647,1000,71.638759
3135.849767,1000,71.969146
3102.685626,1000,72.07479
2661.31151,1000,72.405702
3092.33679,1000,72.511479
1912.225387,1000,72.843429
1230.732426,1000,72.950192
1107.475294,1000,73.28181
1165.624634,1000,73.387618
1229.595466,1000,73.493911
1077.277323,1000,73.825979
1501.276342,1000,73.932174
3003.717851,1000,74.263782
1337.737276,1000,74.370094
1501.942548,1000,74.701276
1269.399854,1000,74.807166
1806.468262,1000,75.138847
3030.202633,1000,75.244477
1695.534737,1000,75.576518
1991.856708,1000,75.682453
3021.557884,1000,76.013458
2038.13716,1000,76.120181
2297.56318,1000,76.450413
1557.284642,1000,76.556829
1997.01802,1000,76.890055
2775.111292,1000,76.995265
1963.586342,1000,77.326533
1500.347024,1000,77.433184
1685.358348,1000,77.765035
3152.140836,1000,77.87083
1733.152754,1000,78.202492
1493.233618,1000,78.308795
2462.644296,1000,78.640911
2271.764424,1000,78.747119
3283.218581,1000,79.082409
3321.796032,1000,79.187599
2955.558305,1000,79.518023
3063.833116,1000,79.623064
2204.512761,1000,79.954339
2895.965735,1000,80.0604
1363.812366,1000,80.392897
1273.129989,1000,80.499198
3203.801258,1000,80.828952
3146.171974,1000,80.934919
2334.510004,1000,81.26566
3459.749963,1000,81.371519
3227.365087,1000,81.701746
2417.012526,1000,81.807423
1997.708617,1000,82.13803
1881.42624,1000,82.244875
3192.724658,1000,82.574884
3013.626812,1000,82.681135
1372.581514,1000,82.788733
2256.661751,1000,83.121247
2766.013724,1000,83.226752
3115.141207,1000,83.557925
3357.233726,1000,83.66624
3248.294171,1000,83.997327
3094.514364,1000,84.102471
1316.010219,1000,84.434202
1574.144078,1000,84.540936
1405.022915,1000,84.872154
1423.429446,1000,84.977511
2618.270387,1000,85.309815
3202.557434,1000,85.414762
1394.328861,1000,85.747512
2728.355011,1000,85.853375
1267.759295,1000,86.184553
3094.19555,1000,86.290012
1399.748927,1000,86.624696
2750.506248,1000,86.72928
1755.501093,1000,87.060966
1907.015921,1000,87.167302
2099.622243,1000,87.500413
2703.565176,1000,87.606822
3171.952471,1000,87.93867
1796.965822,1000,88.045167
3204.701424,1000,88.37607
2389.075389,1000,88.482082
2568.213234,1000,88.813774
2950.857644,1000,88.919693
2368.771621,1000,89.250918
2884.488035,1000,89.356529
2345.358493,1000,89.687931
2261.778479,1000,89.794507
2014.958262,1000,90.125573
1497.025483,1000,90.231444
1566.504,1000,90.564152
3143.849548,1000,90.669395
1384.507926,1000,91.000684
3132.654415,1000,91.105673
2040.726501,1000,91.437363
3147.422903,1000,91.54389
1671.533454,1000,91.87896
2390.100952,1000,91.985207
2331.927249,1000,92.091747
2613.371261,1000,92.424579
1404.53701,1000,92.529802
2916.087393,1000,92.861844
2725.976359,1000,92.967486
3309.871372,1000,93.298642
2589.141875,1000,93.403403
1291.823378,1000,93.735013
2323.563108,1000,93.840584
3161.160704,1000,94.171044
1474.063054,1000,94.276212
3168.650779,1000,94.60747
1379.212228,1000,94.713714
2463.458965,1000,95.052599
2522.322512,1000,95.157729
2107.038304,1000,95.492237
1853.212988,1000,95.598078
3232.543012,1000,95.933874
2342.109964,1000,96.04152
2163.146462,1000,96.376664
2873.312637,1000,96.482852
3141.185159,1000,96.81898
1723.583934,1000,96.92524
1864.992681,1000,97.257383
2029.1471,1000,97.362972
1449.257587,1000,97.696129
2620.872971,1000,97.802004
3336.918169,1000,98.135205
2840.567338,1000,98.240919
2683.434762,1000,98.577344
3314.988331,1000,98.683542
2994.785152,1000,99.016167
3226.2706,1000,99.121679
2320.624351,1000,99.452603
2310.076205,1000,99.558298
3150.065075,1000,99.889628
3140.361202,1000,99.996145
2820.359929,1000,100.328579
1522.839875,1000,100.435476
3309.364898,1000,100.766353
1902.639048,1000,100.872088
1766.816705,1000,101.203383
1793.786499,1000,101.310129
2534.905815,1000,101.416316
2202.957298,1000,101.748819
2724.710651,1000,101.855024
1649.92632,1000,102.187792
1541.408904,1000,102.293613
3172.548849,1000,102.624765
3047.629623,1000,102.729361
2177.9558,1000,103.063106
2982.181339,1000,103.168668
2677.870678,1000,103.500265
2044.324373,1000,103.605646
3320.41727,1000,103.936314
3366.285849,1000,104.041424
3212.307064,1000,104.370704
2005.835438,1000,104.475976
3193.298634,1000,104.806704
3479.450866,1000,104.911641
3264.054431,1000,105.245549
1725.435875,1000,105.351835
2956.344753,1000,105.687773
2028.441582,1000,105.796144
3177.775896,1000,106.130035
1758.833111,1000,106.235839
1820.381303,1000,106.572572
1799.59492,1000,106.680958
1833.913893,1000,107.020429
2795.483297,1000,107.125958
2970.917966,1000,107.471783
2317.511679,1000,107.577824
1641.785739,1000,107.908335
2348.749861,1000,108.013599
1839.891947,1000,108.344596
3136.23183,1000,108.450469
2908.57293,1000,108.780847
3211.137747,1000,108.886029
1678.683354,1000,109.217585
3246.0172,1000,109.323235
3101.227686,1000,109.653204
1693.060668,1000,109.758977
3745.319028,1000,110.089313
3412.24101,1000,110.194604
1874.949489,1000,110.30039
3095.691312,1000,110.631712
3275.003851,1000,110.736927
1865.728317,1000,111.068713
3014.353127,1000,111.173458
1850.937761,1000,111.504973
3483.615703,1000,111.610266
2733.333676,1000,111.941672
2875.984111,1000,112.046718
1852.280706,1000,112.379777
3164.622853,1000,112.485212
3201.488108,1000,112.81557
3306.58701,1000,112.920613
2193.939724,1000,113.251633
2589.766054,1000,113.356425
2426.204705,1000,113.688456
3477.729141,1000,113.793167
3516.305325,1000,114.124619
2732.719117,1000,114.230122
1829.342676,1000,114.562194
3322.824571,1000,114.667245
3187.73786,1000,114.999151
3374.315766,1000,115.104354
2428.395729,1000,115.437894
3400.64001,1000,115.542961
3480.186185,1000,115.87454
3183.908965,1000,115.980172
1981.318345,1000,116.31221
3276.204936,1000,116.417375
3109.201053,1000,116.752758
3443.053405,1000,116.858492
3466.174224,1000,117.191155
2792.725639,1000,117.296873
2376.570516,1000,117.629445
1972.024063,1000,117.73648
3451.270069,1000,118.067906
3653.650401,1000,118.173306
1856.053099,1000,118.505132
3594.473372,1000,118.610646
3431.942339,1000,118.942225
3007.316668,1000,119.047258
3492.19979,1000,119.377862
3300.292914,1000,119.483774
3418.441793,1000,119.588456
2693.690207,1000,119.919814
3414.737792,1000,120.024836
2372.321251,1000,120.357198
2159.33423,1000,120.463089
3581.943853,1000,120.797279
3359.094978,1000,120.904476
2999.159453,1000,121.237935
3219.819637,1000,121.34456
3635.442355,1000,121.679186
3476.081392,1000,121.784643
1884.941508,1000,122.118403
2917.076926,1000,122.223183
3327.370744,1000,122.555801
3630.648294,1000,122.661633
2661.481761,1000,122.994511
1825.056896,1000,123.100603
3350.540662,1000,123.431861
2428.170638,1000,123.537457
3811.085397,1000,123.869212
3323.058589,1000,123.973675
2970.178123,1000,124.305402
2164.615383,1000,124.411165
2424.803261,1000,124.743686
3619.749287,1000,124.849273
3795.014631,1000,125.181795
3272.887412,1000,125.287607
3507.770394,1000,125.620886
2767.617562,1000,125.726162
3587.771225,1000,126.057383
2176.488112,1000,126.163302
2365.798744,1000,126.496236
3496.198657,1000,126.603747
3664.869333,1000,126.940868
3638.638188,1000,127.04673
2308.273271,1000,127.380164
3135.066861,1000,127.485544
2580.085332,1000,127.819371
3415.170435,1000,127.925556
3611.146629,1000,128.257885
2863.143279,1000,128.363435
3716.447511,1000,128.695965
3855.893168,1000,128.802375
2939.694218,1000,128.908359
3892.273858,1000,129.242095
3544.573772,1000,129.347585
3964.456556,1000,129.6794
3543.377024,1000,129.784575
2935.75302,1000,130.115577
3702.481608,1000,130.220674
1581.258025,1000,130.554007
3612.454193,1000,130.658643
3206.313849,1000,130.991541
3616.449903,1000,131.097218
2167.075159,1000,131.429973
2225.637507,1000,131.534824
3115.361282,1000,131.866771
3626.694787,1000,131.972247
2055.033443,1000,132.305992
3807.942201,1000,132.411482
1710.755269,1000,132.74416
2173.931602,1000,132.849719
3352.699647,1000,133.181529
2541.851203,1000,133.287
3966.741765,1000,133.619065
3784.723956,1000,133.724195
2562.227995,1000,134.056892
3661.279232,1000,134.161723
3723.489818,1000,134.494099
1660.783333,1000,134.600118
3709.960348,1000,134.932412
2468.203866,1000,135.038507
3733.473674,1000,135.370665
3946.974399,1000,135.475432
3784.84012,1000,135.807812
3717.455253,1000,135.913004
3109.116249,1000,136.246197
2276.897974,1000,136.352277
3642.662572,1000,136.689069
3856.393576,1000,136.794765
3906.013931,1000,137.127469
2286.617252,1000,137.232849
3656.207418,1000,137.566465
3816.782811,1000,137.671476
3796.202828,1000,138.004113
2126.76585,1000,138.111261
2729.283337,1000,138.217661
3876.781642,1000,138.551015
3623.795176,1000,138.656694
3918.235299,1000,138.990099
1722.068867,1000,139.095464
4031.870184,1000,139.427409
2099.138684,1000,139.533361
1799.976809,1000,139.866635
3861.752182,1000,139.971931
3617.424729,1000,140.307729
1839.895403,1000,140.41369
4021.664718,1000,140.747646
2872.77229,1000,140.853986
3903.926942,1000,141.187159
1978.043519,1000,141.292992
3802.836058,1000,141.625246
2914.81818,1000,141.72986
4007.326006,1000,142.063034
2424.525015,1000,142.168578
3968.467842,1000,142.5019
3727.715759,1000,142.607127
4152.926177,1000,142.940978
3943.236664,1000,143.047007
4163.629444,1000,143.381603
1923.311526,1000,143.487934
1666.980235,1000,143.821702
3180.649496,1000,143.927306
1681.028772,1000,144.261716
2623.075909,1000,144.368437
2042.655525,1000,144.703267
2865.515284,1000,144.811006
3356.523562,1000,145.143567
3922.782112,1000,145.248669
2242.629332,1000,145.581906
1833.748455,1000,145.688857
3906.091645,1000,146.021864
3924.554991,1000,146.127146
3836.688594,1000,146.459907
2278.133164,1000,146.568155
2857.299044,1000,146.903515
3881.894477,1000,147.009574
3862.629248,1000,147.342576
3896.712559,1000,147.448307
4024.713556,1000,147.553653
4065.571441,1000,147.887995
2660.90685,1000,147.993433
2395.731088,1000,148.328946
3704.710471,1000,148.435092
2545.281216,1000,148.769087
3776.736313,1000,148.875006
2635.89675,1000,149.209605
2298.441797,1000,149.315945
1623.439827,1000,149.650275
3872.823108,1000,149.7551
3968.120908,1000,150.089666
3215.204337,1000,150.19621
3815.240585,1000,150.531425
2697.80836,1000,150.637592
2237.071811,1000,150.971926
3905.810401,1000,151.077336
3569.858281,1000,151.411081
3284.286723,1000,151.517048
3993.867466,1000,151.851184
3964.892036,1000,151.956734
3404.518221,1000,152.29004
3845.200772,1000,152.395907
3302.013834,1000,152.728649
3644.800963,1000,152.833789
2559.158027,1000,153.167215
2693.161457,1000,153.273585
4056.145888,1000,153.605848
4240.266068,1000,153.711232
4003.31441,1000,154.043836
2756.287352,1000,154.149868
4094.751971,1000,154.482772
4089.836975,1000,154.588651
3907.167484,1000,154.922346
2026.010089,1000,155.030383
3646.703339,1000,155.36587
3677.684699,1000,155.471319
3923.992788,1000,155.805109
3453.288205,1000,155.911492
3945.410711,1000,156.244976
2069.424319,1000,156.351604
3957.125006,1000,156.688201
3896.478003,1000,156.794207
1948.093825,1000,156.900185
4178.258677,1000,157.247362
2820.240576,1000,157.353063
1930.792049,1000,157.687325
1893.019268,1000,157.793206
3735.395348,1000,158.126123
3749.152724,1000,158.231611
4166.94151,1000,158.56455
4174.55149,1000,158.66968
3120.812574,1000,159.002458
4214.216817,1000,159.107504
3925.134377,1000,159.440019
2670.14215,1000,159.54592
2110.931249,1000,159.879998
3899.30933,1000,159.985243
4076.569004,1000,160.320342
4086.710471,1000,160.425581
2689.847673,1000,160.759586
2848.876157,1000,160.865177
4036.564572,1000,161.198268
3850.17138,1000,161.304312
4192.167556,1000,161.638639
4114.786658,1000,161.743438
1777.706507,1000,162.077329
1687.145297,1000,162.183364
4077.712057,1000,162.516666
4042.28535,1000,162.622251
1970.799236,1000,162.956237
4173.273312,1000,163.063715
3671.710171,1000,163.398331
4193.641256,1000,163.504957
4293.900358,1000,163.838072
3934.294797,1000,163.942797
4094.948405,1000,164.276986
2334.306179,1000,164.382707
4200.979619,1000,164.715658
4204.576506,1000,164.8206
4255.781131,1000,165.155057
4205.533555,1000,165.260828
4191.643915,1000,165.595383
3022.698263,1000,165.70092
4181.369934,1000,165.806149
4275.499114,1000,166.140614
4009.049901,1000,166.245607
1972.714175,1000,166.582801
2271.386391,1000,166.689182
2370.038394,1000,167.024185
2804.723054,1000,167.130107
3550.837276,1000,167.465331
4286.204361,1000,167.571526
3093.976612,1000,167.906293
4010.018394,1000,168.011647
4263.437403,1000,168.346278
4138.444377,1000,168.452588
4063.531296,1000,168.787037
2707.840684,1000,168.893199
4249.569216,1000,169.227029
4406.571665,1000,169.332469
4310.997345,1000,169.66611
4440.417453,1000,169.770859
4181.037529,1000,170.10522
2967.780473,1000,170.211251
2385.905164,1000,170.546316
4154.224139,1000,170.651857
4146.176968,1000,170.985956
3308.029192,1000,171.09109
4428.399354,1000,171.426369
3568.051635,1000,171.533375
3184.696392,1000,171.869473
1553.938057,1000,171.975211
4299.100585,1000,172.309572
4100.696695,1000,172.415906
3998.971317,1000,172.751111
4434.361268,1000,172.857254
4370.89307,1000,173.192305
2658.956609,1000,173.298371
1972.537468,1000,173.632985
2799.523822,1000,173.738339
2008.892152,1000,174.072166
4121.991795,1000,174.177979
1704.227802,1000,174.512454
1735.65505,1000,174.619006
4134.431429,1000,174.953629
2614.081837,1000,175.0597
2607.404491,1000,175.164728
3234.330115,1000,175.499011
4386.720534,1000,175.604542
4255.634409,1000,175.938921
2717.545508,1000,176.044382
4346.377677,1000,176.383585
3504.864096,1000,176.489307
4451.805106,1000,176.825939
4299.283253,1000,176.931386
4217.228049,1000,177.267196
2169.111472,1000,177.374391
4440.894406,1000,177.710851
4115.536653,1000,177.81702
4144.724735,1000,178.152204
1841.424264,1000,178.258192
2489.927062,1000,178.594315
4147.637889,1000,178.699567
4529.487992,1000,179.033937
4057.638795,1000,179.139501
2114.183716,1000,179.476368
4316.58869,1000,179.583475
3060.647019,1000,179.919118
4477.447908,1000,180.024466
4423.254527,1000,180.360182
4495.473503,1000,180.465838
4306.009874,1000,180.800107
4409.645684,1000,180.905932
3407.966005,1000,181.240024
4306.233782,1000,181.347913
4245.693383,1000,181.682305
2380.37646,1000,181.788727
2718.85574,1000,182.122871
2516.286265,1000,182.228255
2656.425121,1000,182.561777
4516.486891,1000,182.668007
1574.751901,1000,183.002654
4143.877568,1000,183.108432
3180.777599,1000,183.441935
4192.66798,1000,183.547206
2736.830107,1000,183.885179
4078.101594,1000,183.99181
2456.709018,1000,184.326963
2034.028024,1000,184.433606
3160.851095,1000,184.539409
4278.405616,1000,184.873544
4215.504715,1000,184.978302
4450.552355,1000,185.312204
4316.076399,1000,185.416886
4196.593481,1000,185.750893
3656.744203,1000,185.856096
3652.676461,1000,186.190477
4216.929919,1000,186.296222
4000.534629,1000,186.633483
1872.495803,1000,186.740508
2051.37951,1000,187.076806
4138.160111,1000,187.182916
1594.954708,1000,187.518135
4211.841642,1000,187.624093
4173.623683,1000,187.958564
4196.228596,1000,188.064017
3066.507769,1000,188.398797
2999.620051,1000,188.504802
4473.541194,1000,188.839372
2928.29787,1000,188.945227
4177.415104,1000,189.279433
4141.304897,1000,189.384915
4322.578008,1000,189.718704
4057.661941,1000,189.823996
4294.8081,1000,190.157867
4443.21872,1000,190.264138
1885.155714,1000,190.600397
4498.626072,1000,190.705314
4210.092789,1000,191.040008
2040.229021,1000,191.146015
2016.7044,1000,191.480941
4434.708648,1000,191.587045
4324.06163,1000,191.921498
2637.084136,1000,192.027827
4165.296076,1000,192.362375
4384.264646,1000,192.468065
3672.809939,1000,192.802799
2720.2077,1000,192.908149
4362.859704,1000,193.241762
4466.802371,1000,193.347787
2490.277695,1000,193.682737
3866.588173,1000,193.790136
2148.786137,1000,193.896771
2158.553094,1000,194.230879
4331.092496,1000,194.336063
2645.700644,1000,194.670758
4480.1064,1000,194.776709
4447.900575,1000,195.111085
2011.084315,1000,195.21696
3296.099317,1000,195.553547
3001.989368,1000,195.660088
4584.745982,1000,195.996105
4248.829733,1000,196.10235
2727.305172,1000,196.437091
3291.18622,1000,196.543814
3484.75188,1000,196.88027
2299.870579,1000,196.986022
4545.315115,1000,197.320544
4447.77141,1000,197.426108
4484.998934,1000,197.760887
2424.474183,1000,197.867055
2351.962361,1000,198.202578
1909.910129,1000,198.309086
2586.453475,1000,198.64393
4131.497506,1000,198.749929
3193.862753,1000,199.084626
4563.165378,1000,199.189815
3844.016502,1000,199.523424
3144.585783,1000,199.629007
4484.837995,1000,199.963336
4340.773386,1000,200.069421
4410.766307,1000,200.404721
2356.202088,1000,200.510767
4473.882128,1000,200.846114
4289.857411,1000,200.952585
4569.23929,1000,201.288162
4585.158829,1000,201.393721
4335.950852,1000,201.728032
4443.011416,1000,201.834048
4759.130049,1000,202.167034
1760.211112,1000,202.273504
2383.975386,1000,202.607743
4101.738285,1000,202.713571
4315.632997,1000,203.047779
4460.820155,1000,203.154073
2539.23251,1000,203.259439
4647.032025,1000,203.593285
4356.113688,1000,203.699169
2429.526685,1000,204.034228
2465.821579,1000,204.140027
4684.962255,1000,204.474453
4230.970841,1000,204.579633
4494.527848,1000,204.915769
4180.61397,1000,205.021631
4394.468221,1000,205.355043
4488.163695,1000,205.460558
4742.569071,1000,205.795978
3081.235417,1000,205.903297
2503.058918,1000,206.237754
1793.856685,1000,206.343363
4212.405011,1000,206.679621
3862.6029,1000,206.785873
4483.321176,1000,207.121182
1701.215608,1000,207.227641
2089.03922,1000,207.562589
4456.349532,1000,207.668873
4412.803345,1000,208.00284
4455.056455,1000,208.108862
4313.337322,1000,208.442887
4396.434965,1000,208.548624
4490.216897,1000,208.882544
4452.664138,1000,208.988113
1869.264552,1000,209.322729
2071.360862,1000,209.429289
4293.873792,1000,209.762849
1902.556454,1000,209.868914
4454.622684,1000,210.202803
3502.139527,1000,210.309492
4491.148874,1000,210.643384
2151.471827,1000,210.749432
2420.574122,1000,211.083217
1772.996912,1000,211.189087
4701.753128,1000,211.520348
4514.277081,1000,211.625101
4446.049615,1000,211.959079
4237.176377,1000,212.06462
4656.498848,1000,212.397743
1817.181294,1000,212.504516
4677.726048,1000,212.609597
2416.250887,1000,212.944275
3934.575964,1000,213.049476
2912.61485,1000,213.383409
2261.054113,1000,213.48882
4612.624334,1000,213.822227
4006.517511,1000,213.927536
3170.534329,1000,214.261455
4423.19221,1000,214.367248
2163.513301,1000,214.701076
4523.095733,1000,214.80551
4630.395056,1000,215.139151
4772.99675,1000,215.244525
3518.841215,1000,215.580177
4508.9128,1000,215.685746
4478.89585,1000,216.021853
4571.160394,1000,216.127133
3199.886275,1000,216.464295
3728.424315,1000,216.571469
