#{"t_start": 1776950359.511148, "env_id": "HalfCheetah-v5"}
r,l,t
-592.615308,1000,0.121034
-722.72606,1000,0.227665
-332.740544,1000,0.636836
-384.627522,1000,0.748972
-816.327396,1000,1.08724
-760.671101,1000,1.195372
-749.197988,1000,1.528783
-786.112025,1000,1.632883
-323.184143,1000,1.960992
-785.197507,1000,2.065318
-632.284312,1000,2.395256
-767.809232,1000,2.502127
-714.90713,1000,2.83128
-761.11999,1000,2.936333
-689.348686,1000,3.30486
-673.032506,1000,3.412075
-860.018342,1000,3.744238
-824.821232,1000,3.851397
-845.587187,1000,4.184492
-666.506168,1000,4.292721
-856.377467,1000,4.627944
-740.478023,1000,4.733456
-699.095085,1000,5.068157
-591.258884,1000,5.17698
-759.725102,1000,5.510666
-479.978142,1000,5.619029
-715.8148,1000,5.951121
-767.592784,1000,6.05648
-580.084198,1000,6.385451
-807.419282,1000,6.491166
-870.572434,1000,6.8223
-475.894366,1000,6.930271
-728.772123,1000,7.263233
-658.031011,1000,7.370722
-862.922943,1000,7.702919
-714.256017,1000,7.809135
-847.046274,1000,8.144546
-490.135633,1000,8.250606
-478.815026,1000,8.581633
-793.159099,1000,8.689647
-808.127902,1000,9.022609
-532.537207,1000,9.130597
-252.867636,1000,9.238297
-502.395675,1000,9.56838
-793.176185,1000,9.674924
-822.757005,1000,10.006255
-532.858382,1000,10.113186
-846.340159,1000,10.453415
-637.477716,1000,10.564039
-305.574092,1000,10.920004
-762.06595,1000,11.053809
-717.863029,1000,11.397767
-190.009713,1000,11.505984
-574.337197,1000,11.844595
-363.680798,1000,11.953378
-324.901725,1000,12.29621
-671.619174,1000,12.404356
-664.041844,1000,12.736994
-779.859346,1000,12.845592
-555.894848,1000,13.177655
-722.24738,1000,13.284436
-765.620746,1000,13.618352
-830.99246,1000,13.728018
-725.904409,1000,14.065824
-273.254326,1000,14.174549
-815.784937,1000,14.548474
-432.929147,1000,14.655821
-505.836027,1000,14.988119
-774.237004,1000,15.096309
-553.743035,1000,15.426403
-763.336763,1000,15.533538
-659.873671,1000,15.868153
-300.199138,1000,15.975055
-521.713806,1000,16.312054
-370.196191,1000,16.420144
-557.736556,1000,16.763056
-755.160637,1000,16.87221
-303.029167,1000,17.203625
-285.253425,1000,17.311621
-160.254033,1000,17.641141
-256.56767,1000,17.748981
-207.499257,1000,18.085212
-661.686746,1000,18.193598
-708.240859,1000,18.53658
-197.981638,1000,18.646489
-539.559083,1000,18.756621
-446.418809,1000,19.107267
-571.500911,1000,19.215444
-191.796573,1000,19.55711
-810.320112,1000,19.666352
-346.792851,1000,19.998871
-323.197669,1000,20.106768
-240.186186,1000,20.447846
-618.300844,1000,20.560151
-380.546826,1000,20.905187
-647.057333,1000,21.015395
-613.660019,1000,21.354473
-298.392452,1000,21.463023
-662.789327,1000,21.803326
-199.436278,1000,21.914934
-723.191427,1000,22.289806
-533.045876,1000,22.398961
-167.119537,1000,22.741211
-160.405196,1000,22.852027
-628.880794,1000,23.202504
-521.527215,1000,23.311228
-400.067133,1000,23.6454
-219.536766,1000,23.754314
-218.994687,1000,24.092433
-204.010147,1000,24.200963
-634.49475,1000,24.534307
-119.89973,1000,24.643525
-223.766611,1000,24.981553
-391.523949,1000,25.090026
-140.714045,1000,25.42677
-115.975958,1000,25.536773
-74.186883,1000,25.872459
-211.179883,1000,25.981155
-216.989809,1000,26.313877
-70.28498,1000,26.422069
-193.206609,1000,26.755122
-559.120756,1000,26.864802
-208.552957,1000,27.199131
-38.941756,1000,27.309591
-286.950221,1000,27.645028
-77.03369,1000,27.754542
-191.34879,1000,28.090778
-90.406736,1000,28.200201
-46.925537,1000,28.309044
-235.779231,1000,28.641258
-154.38995,1000,28.749594
-155.628882,1000,29.081958
-79.458055,1000,29.190184
-309.22983,1000,29.521702
-250.865835,1000,29.630077
-107.603682,1000,29.962422
35.297679,1000,30.071216
-21.516667,1000,30.408826
-108.906992,1000,30.517534
-130.655795,1000,30.851053
-52.746429,1000,30.95916
-86.725842,1000,31.292489
-1.561026,1000,31.400437
-222.791185,1000,31.734077
-17.429086,1000,31.843274
-30.581429,1000,32.175692
-46.390365,1000,32.283855
-105.926036,1000,32.617482
45.113768,1000,32.725159
-92.36164,1000,33.058598
-60.119485,1000,33.167719
-753.383776,1000,33.500363
-175.104088,1000,33.608519
29.720405,1000,33.943258
127.423011,1000,34.052199
62.046871,1000,34.384755
32.548937,1000,34.492484
87.372911,1000,34.825001
43.369402,1000,34.932457
-594.82296,1000,35.266222
13.500662,1000,35.374566
25.747882,1000,35.707042
-5.317723,1000,35.815041
108.526195,1000,36.147585
-491.043715,1000,36.256551
79.534189,1000,36.589606
-569.237652,1000,36.698284
-323.961287,1000,37.030742
-45.825871,1000,37.139557
43.768117,1000,37.472761
15.349828,1000,37.58179
225.489795,1000,37.690387
68.742157,1000,38.022515
123.815635,1000,38.13161
293.704272,1000,38.464452
119.212152,1000,38.572418
-392.177222,1000,38.904935
57.18886,1000,39.012332
248.036564,1000,39.344883
40.927718,1000,39.451918
260.757023,1000,39.784269
-350.931044,1000,39.893291
198.729205,1000,40.22691
-649.851232,1000,40.336102
34.344472,1000,40.669076
201.769569,1000,40.778213
170.61366,1000,41.110716
216.333728,1000,41.217918
99.443599,1000,41.550145
380.547199,1000,41.65826
241.765782,1000,41.990209
190.061121,1000,42.098514
317.043286,1000,42.431314
349.511984,1000,42.54004
239.472926,1000,42.908908
308.877946,1000,43.022813
292.043652,1000,43.361213
315.016183,1000,43.470016
73.727016,1000,43.80859
367.875589,1000,43.918713
554.246627,1000,44.26358
460.98057,1000,44.37381
288.275601,1000,44.710611
352.394279,1000,44.818627
505.219202,1000,45.151948
351.42497,1000,45.260733
361.170293,1000,45.637079
343.990198,1000,45.746531
275.98705,1000,46.088762
489.55101,1000,46.199096
391.1021,1000,46.534621
485.60923,1000,46.645421
502.171212,1000,46.984142
399.576966,1000,47.096349
332.406845,1000,47.206983
314.78483,1000,47.541934
438.18235,1000,47.651135
557.225416,1000,47.982713
435.257261,1000,48.089462
500.313061,1000,48.419061
501.019341,1000,48.525895
395.237414,1000,48.854779
465.276973,1000,48.961006
589.641126,1000,49.290463
547.417831,1000,49.397652
-291.444657,1000,49.735825
301.593856,1000,49.844138
550.104073,1000,50.184085
422.2474,1000,50.295132
543.464478,1000,50.629384
332.466613,1000,50.736917
582.934244,1000,51.067223
652.284053,1000,51.174003
673.084228,1000,51.5043
514.020547,1000,51.612541
740.627085,1000,51.972983
809.761995,1000,52.084019
903.329374,1000,52.431975
649.069725,1000,52.541757
524.875851,1000,52.882316
526.35209,1000,52.990011
759.552032,1000,53.323557
654.885711,1000,53.43027
557.628278,1000,53.762678
-354.008707,1000,53.870915
409.305952,1000,54.203033
758.778297,1000,54.310549
799.084677,1000,54.642687
725.828557,1000,54.750498
412.781166,1000,55.082392
673.881828,1000,55.189768
467.73314,1000,55.52136
924.006539,1000,55.628908
517.073125,1000,55.960417
416.249681,1000,56.067961
599.212647,1000,56.175619
586.885032,1000,56.50907
916.059808,1000,56.617805
394.24463,1000,56.950353
764.971674,1000,57.058725
547.498744,1000,57.391644
944.624037,1000,57.499823
743.615561,1000,57.832778
679.489051,1000,57.940453
652.829016,1000,58.2732
590.57562,1000,58.380888
781.316641,1000,58.714009
663.439567,1000,58.820994
670.683169,1000,59.153198
898.691186,1000,59.260171
828.471708,1000,59.59208
849.494421,1000,59.699947
646.715072,1000,60.032601
789.088882,1000,60.140432
1011.033633,1000,60.477639
626.736997,1000,60.584769
795.095055,1000,60.918397
925.031662,1000,61.027193
786.363448,1000,61.360526
746.437971,1000,61.469333
758.209155,1000,61.803082
833.214669,1000,61.910023
727.619032,1000,62.242771
632.58161,1000,62.350205
1080.165917,1000,62.706194
897.86905,1000,62.813486
1103.018306,1000,63.145411
532.913884,1000,63.252384
918.80555,1000,63.584185
1007.93034,1000,63.691154
991.25509,1000,64.022339
933.930489,1000,64.130019
836.439436,1000,64.461281
927.214231,1000,64.568849
819.379683,1000,64.900669
998.40782,1000,65.008306
999.404117,1000,65.339717
932.576305,1000,65.446864
1139.6642,1000,65.553493
843.742665,1000,65.886072
821.646108,1000,65.993256
932.785948,1000,66.326064
890.868876,1000,66.433333
619.89735,1000,66.765015
936.030868,1000,66.871937
854.170877,1000,67.203402
1057.853859,1000,67.311044
1111.719789,1000,67.645048
713.872122,1000,67.75244
918.236921,1000,68.085118
718.161252,1000,68.192969
833.510708,1000,68.52501
1045.130276,1000,68.632145
1003.599199,1000,68.96414
1232.443918,1000,69.071164
1007.697188,1000,69.403874
947.876341,1000,69.5119
1098.602205,1000,69.844701
1021.526825,1000,69.950849
963.735162,1000,70.28464
925.669904,1000,70.391765
1096.337756,1000,70.724595
1126.764057,1000,70.831217
603.570555,1000,71.162616
966.977064,1000,71.269614
995.519498,1000,71.601718
1076.996463,1000,71.709237
804.50491,1000,72.041024
933.261456,1000,72.148836
963.431119,1000,72.480802
949.055529,1000,72.587138
936.91871,1000,72.918691
975.262203,1000,73.026183
800.508157,1000,73.358596
1030.220815,1000,73.465233
934.833853,1000,73.797884
670.217168,1000,73.905827
1111.142052,1000,74.23797
1258.560967,1000,74.345837
1076.808022,1000,74.67767
1098.777864,1000,74.785155
905.334876,1000,74.892163
870.782726,1000,75.230951
1030.737953,1000,75.338086
1133.181794,1000,75.670555
1094.121302,1000,75.777024
1052.512261,1000,76.110192
1192.428982,1000,76.216996
1133.668082,1000,76.54965
1056.024622,1000,76.656791
1104.680563,1000,76.989323
1121.265733,1000,77.096815
1118.370091,1000,77.42755
1273.039328,1000,77.534667
828.503442,1000,77.865288
1130.838436,1000,77.972252
1087.623318,1000,78.303779
1223.640999,1000,78.41039
856.989967,1000,78.740914
1191.902884,1000,78.846849
1138.497296,1000,79.193797
1007.579002,1000,79.301219
1560.48471,1000,79.632589
1353.663057,1000,79.762806
1215.298541,1000,80.09592
1190.049159,1000,80.21221
1362.828733,1000,80.552768
1299.678951,1000,80.659087
1054.164305,1000,80.990614
1205.51434,1000,81.096864
1146.394627,1000,81.42791
1226.147195,1000,81.53569
1348.949323,1000,81.868573
1362.964055,1000,81.975972
1109.735612,1000,82.308003
1256.495562,1000,82.415227
1123.846795,1000,82.747348
1470.889673,1000,82.854736
1183.19949,1000,83.186982
1661.468614,1000,83.293721
1297.361376,1000,83.624754
1064.515173,1000,83.732637
1321.418491,1000,84.072467
1308.747685,1000,84.179651
1338.727597,1000,84.286473
1176.823901,1000,84.619329
1449.174834,1000,84.725907
1325.310373,1000,85.058424
1167.247926,1000,85.165267
1277.531169,1000,85.504146
1222.433616,1000,85.610962
1339.442461,1000,85.94314
1523.882855,1000,86.050297
1551.599284,1000,86.38288
1444.003223,1000,86.490469
1322.939538,1000,86.822794
1449.998596,1000,86.929738
1304.853003,1000,87.261411
1374.755927,1000,87.36876
1426.28248,1000,87.700543
1268.032653,1000,87.807564
1452.106219,1000,88.139045
1622.458064,1000,88.24581
1332.826158,1000,88.577302
1370.079092,1000,88.685569
1156.155283,1000,89.01758
1564.213096,1000,89.124719
1437.134086,1000,89.455985
1499.54722,1000,89.562934
1444.588684,1000,89.895451
1231.700776,1000,90.002604
1513.268827,1000,90.338216
1469.286107,1000,90.445142
1610.143736,1000,90.777215
1611.314593,1000,90.883947
1535.84215,1000,91.2156
1448.553308,1000,91.322743
1493.221826,1000,91.65493
1727.759286,1000,91.762049
1867.341662,1000,92.094524
1254.117263,1000,92.201339
1502.794946,1000,92.533069
1572.552733,1000,92.641152
1802.25544,1000,92.973199
1431.569047,1000,93.080501
1741.069506,1000,93.412608
1427.542297,1000,93.52111
1663.237744,1000,93.628885
1614.159885,1000,93.964362
1180.721315,1000,94.095804
1379.189926,1000,94.432929
1666.284257,1000,94.539082
1816.907536,1000,94.875425
1334.100922,1000,94.982754
1386.063856,1000,95.319576
1444.310355,1000,95.426726
1759.938519,1000,95.758757
1447.722092,1000,95.866737
1280.991979,1000,96.198208
1514.826255,1000,96.305236
1708.228198,1000,96.640026
1748.069752,1000,96.746653
1736.290287,1000,97.079357
1763.314511,1000,97.186526
1608.186325,1000,97.518866
1655.898504,1000,97.626081
1835.922065,1000,97.960082
1730.887562,1000,98.070001
1685.789776,1000,98.405657
1629.203684,1000,98.51293
1648.429177,1000,98.848708
1543.790394,1000,98.956219
1552.033447,1000,99.289395
1730.745898,1000,99.39738
1808.962593,1000,99.734405
1618.496522,1000,99.842263
1771.551986,1000,100.175334
1960.762978,1000,100.284985
1855.733389,1000,100.619277
1487.570584,1000,100.726646
1782.176437,1000,101.059868
1607.917718,1000,101.167195
1942.63573,1000,101.500401
1553.776934,1000,101.607543
1745.836995,1000,101.941204
1686.029263,1000,102.047587
1465.480427,1000,102.380967
1932.140393,1000,102.488381
1846.695192,1000,102.820831
1908.554667,1000,102.927764
1695.07313,1000,103.034571
2064.191761,1000,103.366595
1696.722207,1000,103.49823
1787.294393,1000,103.840862
2202.417777,1000,103.952282
1720.007919,1000,104.303808
1911.558544,1000,104.417525
2043.222683,1000,104.759752
2214.389538,1000,104.876783
1969.777457,1000,105.26736
1726.056516,1000,105.386774
2246.202686,1000,105.770082
1836.476539,1000,105.88114
1924.998548,1000,106.271072
2024.984045,1000,106.383776
2073.044498,1000,106.728136
2009.872591,1000,106.836786
1749.785342,1000,107.183607
1843.666587,1000,107.294972
1903.811534,1000,107.63177
1831.537135,1000,107.739774
2123.897017,1000,108.076714
2006.050467,1000,108.183703
1836.289621,1000,108.517889
1744.091541,1000,108.624216
2113.395035,1000,108.957946
2130.592781,1000,109.064771
2078.372049,1000,109.398928
2235.35116,1000,109.50681
2348.627153,1000,109.842242
1747.099251,1000,109.949298
2042.177772,1000,110.28729
2110.547257,1000,110.393637
1985.794232,1000,110.727205
2296.330641,1000,110.834195
2270.080751,1000,111.168054
2051.739204,1000,111.276163
2059.003437,1000,111.611691
1995.817332,1000,111.718685
2191.43046,1000,112.0513
2243.575871,1000,112.158276
2182.149631,1000,112.266975
2101.223003,1000,112.600673
2396.553789,1000,112.70858
1911.465436,1000,113.042758
2011.532507,1000,113.150905
2223.773043,1000,113.484369
2127.116603,1000,113.591394
2065.711091,1000,113.924002
2012.626859,1000,114.031076
2147.221521,1000,114.364861
1884.850373,1000,114.473045
2191.131986,1000,114.808478
2327.293504,1000,114.915512
2289.63454,1000,115.25103
2257.000984,1000,115.357519
2322.090245,1000,115.692154
1932.667845,1000,115.798865
2124.52349,1000,116.136826
2365.388537,1000,116.24308
2217.523576,1000,116.579609
2091.742118,1000,116.689688
2088.283261,1000,117.083508
2206.673824,1000,117.199009
1771.050224,1000,117.543348
2294.320163,1000,117.654118
2125.532287,1000,118.005318
2416.980696,1000,118.119236
2454.303315,1000,118.472703
2309.782895,1000,118.58513
2151.406591,1000,118.931243
2181.640956,1000,119.039904
2284.415423,1000,119.382626
2401.647771,1000,119.490442
2378.689417,1000,119.828395
2391.153856,1000,119.936287
2415.998752,1000,120.276476
2231.9842,1000,120.384875
2312.156372,1000,120.722657
2297.956804,1000,120.830429
2167.814367,1000,121.167819
2322.844657,1000,121.274989
2225.70432,1000,121.610863
2224.098879,1000,121.71975
2521.784603,1000,121.827389
2472.313188,1000,122.165723
2406.7168,1000,122.272685
2231.308521,1000,122.610458
2532.146618,1000,122.717257
2607.847542,1000,123.054645
2222.175966,1000,123.163177
2556.705499,1000,123.499924
2361.498973,1000,123.607659
2505.975135,1000,123.944952
2033.449586,1000,124.053138
2513.134286,1000,124.413002
2436.469176,1000,124.519677
2584.006005,1000,124.855802
2151.569598,1000,124.962684
2412.230812,1000,125.298614
2377.24085,1000,125.405859
2102.769714,1000,125.742799
2587.884125,1000,125.850041
2651.488771,1000,126.185393
2177.119331,1000,126.293218
2486.882995,1000,126.628882
2530.082036,1000,126.737593
2672.222569,1000,127.073944
2548.58546,1000,127.180628
2522.404881,1000,127.522288
2716.17527,1000,127.629165
2310.303061,1000,127.967263
2596.513323,1000,128.075712
2538.59136,1000,128.413748
2482.8234,1000,128.521436
2239.502831,1000,128.861104
2527.115318,1000,128.969462
2575.944393,1000,129.312211
2220.575868,1000,129.42285
2254.642978,1000,129.76567
2630.30139,1000,129.874338
2472.168186,1000,130.216703
2524.655318,1000,130.326372
2889.17967,1000,130.664529
2345.895198,1000,130.77261
2629.406448,1000,131.155389
2645.060907,1000,131.264598
2572.142933,1000,131.372622
2757.775008,1000,131.714499
2779.826288,1000,131.821413
2583.619022,1000,132.158152
2489.52561,1000,132.265535
2512.314196,1000,132.598404
2181.536539,1000,132.705706
2476.675025,1000,133.038353
2211.694193,1000,133.144425
2466.40263,1000,133.478775
2411.319796,1000,133.588898
2539.239868,1000,133.942778
2459.449958,1000,134.05403
2314.862833,1000,134.429043
2518.321446,1000,134.540079
2499.327975,1000,134.890464
2689.463843,1000,135.002316
2468.933805,1000,135.353965
2576.998833,1000,135.466222
2446.718113,1000,135.818223
2417.520064,1000,135.930416
2497.212183,1000,136.28384
2587.722184,1000,136.394801
2252.15848,1000,136.744693
2647.471481,1000,136.853057
2609.435406,1000,137.201584
2482.158578,1000,137.31401
2545.909481,1000,137.655325
2491.904234,1000,137.762977
2643.459469,1000,138.096627
2702.817329,1000,138.203066
2468.975038,1000,138.534375
2640.950611,1000,138.640877
2797.113801,1000,138.982357
2720.422094,1000,139.087986
2696.178824,1000,139.43494
2830.111872,1000,139.543016
2804.443403,1000,139.920927
2750.565698,1000,140.03209
2899.427971,1000,140.378523
2829.558234,1000,140.485719
2674.392799,1000,140.839003
2836.923609,1000,140.949443
2476.378625,1000,141.056551
2857.896069,1000,141.394617
2605.606041,1000,141.506333
2932.35033,1000,141.844112
2725.916992,1000,141.955908
2871.47861,1000,142.29563
2493.191747,1000,142.404274
2756.477943,1000,142.752125
2975.46721,1000,142.860341
2804.031244,1000,143.200431
2460.031742,1000,143.31287
2731.113825,1000,143.652813
2626.911011,1000,143.758956
2819.675132,1000,144.090623
2849.74898,1000,144.1983
2735.520067,1000,144.538425
2833.984397,1000,144.652174
2665.23175,1000,144.997297
2829.346616,1000,145.108706
2869.729962,1000,145.454667
2713.36028,1000,145.561852
2902.676404,1000,145.908162
2908.095116,1000,146.018433
2882.617595,1000,146.368597
2684.095852,1000,146.477
2983.231325,1000,146.852184
2714.333891,1000,146.963474
2608.619656,1000,147.313307
2611.657765,1000,147.425694
3034.988938,1000,147.772378
3034.161788,1000,147.883384
2497.673529,1000,148.220464
2709.83683,1000,148.332699
2853.48848,1000,148.673377
2759.121653,1000,148.781343
2821.845171,1000,149.128402
2691.298423,1000,149.236412
2736.133639,1000,149.573319
2806.127652,1000,149.682826
2813.132957,1000,150.02222
2808.435682,1000,150.129974
3002.191863,1000,150.47007
2728.738769,1000,150.578902
2935.02322,1000,150.720862
2756.906375,1000,151.066287
2615.30988,1000,151.176606
2640.93839,1000,151.530595
2713.441276,1000,151.642567
2928.734421,1000,151.992959
2902.830757,1000,152.104945
3049.193365,1000,152.454259
2913.534451,1000,152.564731
2908.087534,1000,152.911508
3032.252137,1000,153.018452
2739.261369,1000,153.359509
2895.90373,1000,153.467327
2597.228771,1000,153.826313
2909.4456,1000,153.936942
2935.845899,1000,154.277481
2922.141423,1000,154.384265
2558.384502,1000,154.716564
2670.919557,1000,154.822461
2681.702481,1000,155.155354
3015.61649,1000,155.261424
2488.168569,1000,155.591723
2811.987889,1000,155.697807
2954.177956,1000,156.028462
2984.010265,1000,156.134527
3095.258971,1000,156.465143
2704.53515,1000,156.570867
2987.410483,1000,156.901709
2450.493977,1000,157.011047
2877.360672,1000,157.352336
2741.11353,1000,157.459241
2939.623893,1000,157.797029
2631.91482,1000,157.905689
3141.889596,1000,158.258171
2850.213386,1000,158.367693
2815.341267,1000,158.709554
3226.348864,1000,158.816734
2760.05501,1000,159.152652
3106.332394,1000,159.259065
2729.339566,1000,159.619962
2786.28249,1000,159.727216
2739.408995,1000,160.060918
2820.629479,1000,160.16861
2865.342604,1000,160.276941
3238.080135,1000,160.613177
3073.906928,1000,160.719764
2905.621974,1000,161.055354
3264.111064,1000,161.161525
3012.096668,1000,161.497907
3054.624671,1000,161.605463
2837.88352,1000,161.941313
2994.996399,1000,162.047794
2843.636212,1000,162.382434
3049.191084,1000,162.488171
2797.877513,1000,162.822724
3144.490027,1000,162.929129
3141.794035,1000,163.263371
3022.696839,1000,163.369835
3195.137256,1000,163.704947
2876.859716,1000,163.811831
3016.775206,1000,164.147438
3362.566506,1000,164.254645
2996.021768,1000,164.589382
3106.271042,1000,164.695319
3154.150303,1000,165.029473
2981.262607,1000,165.136814
3173.771258,1000,165.47334
3370.208097,1000,165.580464
3320.717709,1000,165.915523
2988.379966,1000,166.021475
3293.583674,1000,166.355344
3335.215425,1000,166.462675
3315.690189,1000,166.798849
3153.700227,1000,166.906355
3286.611476,1000,167.242816
2764.466978,1000,167.349206
3026.268062,1000,167.685328
3060.74377,1000,167.79324
3002.411591,1000,168.130533
3178.845736,1000,168.237332
3340.938644,1000,168.572577
3159.950442,1000,168.679653
3079.234561,1000,169.014075
3290.005921,1000,169.122396
3268.121589,1000,169.228807
3252.131123,1000,169.56661
3025.08794,1000,169.673513
3261.971344,1000,170.009315
3297.098133,1000,170.115595
3338.543785,1000,170.454599
3023.977646,1000,170.560889
3369.671866,1000,170.896744
2990.531974,1000,171.003253
3141.084977,1000,171.338934
3229.417953,1000,171.445758
3472.088423,1000,171.781611
3266.486554,1000,171.888817
3260.907606,1000,172.224823
3190.342023,1000,172.332025
3495.383147,1000,172.666466
3354.122791,1000,172.772563
3457.86317,1000,173.107668
3412.453877,1000,173.213108
3383.026987,1000,173.548796
3188.92008,1000,173.654598
3213.767445,1000,173.990566
3376.516426,1000,174.097123
3404.982015,1000,174.432761
3091.487976,1000,174.539832
3246.193954,1000,174.876222
3264.432469,1000,174.982877
3166.38277,1000,175.318625
3397.791522,1000,175.425047
3375.006466,1000,175.760317
3327.636459,1000,175.866466
3389.553539,1000,176.201524
3081.025417,1000,176.309063
3080.246266,1000,176.643567
3298.020086,1000,176.750005
3447.160102,1000,177.08531
2797.046344,1000,177.19285
3364.519084,1000,177.528607
3127.40049,1000,177.635461
3255.944998,1000,177.970717
3245.27619,1000,178.077268
3423.895712,1000,178.412946
2892.257031,1000,178.521462
3322.094268,1000,178.629199
3325.350608,1000,178.966295
3457.352367,1000,179.073159
3214.091823,1000,179.408348
3273.249437,1000,179.51475
3618.192079,1000,179.850013
3327.145093,1000,179.956449
3166.462861,1000,180.294313
3219.270132,1000,180.401014
3308.822508,1000,180.738447
3163.689639,1000,180.846421
3367.112969,1000,181.182839
3100.363637,1000,181.289491
3146.925527,1000,181.626655
3398.612833,1000,181.7332
3611.644452,1000,182.068325
3368.841459,1000,182.175889
3411.834134,1000,182.512067
3351.771938,1000,182.620308
3254.265149,1000,182.956917
3351.095606,1000,183.063394
3715.83125,1000,183.399151
3421.517591,1000,183.50627
3333.888525,1000,183.842974
3125.405714,1000,183.949778
3377.703339,1000,184.285739
3067.837431,1000,184.3932
3477.817006,1000,184.729813
3435.104147,1000,184.838658
3541.787746,1000,185.175823
3303.307472,1000,185.282677
3056.917531,1000,185.618973
3307.95191,1000,185.726436
3182.237421,1000,186.063262
3452.379395,1000,186.170199
3612.141401,1000,186.50559
3552.501798,1000,186.612795
3193.747377,1000,186.949081
3334.020718,1000,187.05771
3311.165292,1000,187.397413
3300.805456,1000,187.504703
3170.153226,1000,187.843023
3423.826079,1000,187.950298
3207.479941,1000,188.057964
3320.920534,1000,188.420903
3794.652047,1000,188.528553
3202.021203,1000,188.871999
3210.931938,1000,188.978457
3511.871296,1000,189.319377
3464.586332,1000,189.427745
3349.448221,1000,189.77114
3414.907982,1000,189.932033
3461.527644,1000,190.294322
3442.961622,1000,190.401248
3556.813909,1000,190.751225
3494.005013,1000,190.862615
3508.015626,1000,191.207076
3427.05032,1000,191.319234
3382.848219,1000,191.663007
3256.509719,1000,191.773448
3329.952831,1000,192.116419
3491.332905,1000,192.225422
3393.880392,1000,192.562006
3375.551512,1000,192.668111
3298.107042,1000,193.002788
3614.87262,1000,193.108204
3490.104277,1000,193.441832
3358.310863,1000,193.547288
3248.123273,1000,193.880377
3446.940047,1000,193.986737
3484.689981,1000,194.31927
3577.524985,1000,194.42554
3560.151307,1000,194.758245
3586.775289,1000,194.864069
3567.20148,1000,195.195876
3404.902947,1000,195.301572
3390.81223,1000,195.633096
3400.152676,1000,195.739009
3613.316695,1000,196.071533
3658.770228,1000,196.177874
3524.101019,1000,196.509178
3290.631324,1000,196.615304
3243.670283,1000,196.947174
3440.943895,1000,197.053576
3486.706834,1000,197.384461
3462.030556,1000,197.49071
3441.217866,1000,197.596926
3473.705181,1000,197.928634
3586.762988,1000,198.033685
3674.571268,1000,198.364754
3328.036773,1000,198.471661
3331.218094,1000,198.802373
3388.719782,1000,198.907518
3234.154627,1000,199.238614
3487.861731,1000,199.344378
3245.777556,1000,199.675215
3248.254062,1000,199.780859
3460.99045,1000,200.111212
3575.407307,1000,200.217651
3641.381978,1000,200.551099
3594.930081,1000,200.656488
3553.490032,1000,200.987712
3419.973312,1000,201.092733
3633.507094,1000,201.423074
3520.761365,1000,201.528506
3374.769252,1000,201.85985
3462.385962,1000,201.965893
3369.924312,1000,202.297348
3512.967407,1000,202.403186
3641.834139,1000,202.733873
3492.266352,1000,202.84001
3462.816341,1000,203.171083
3531.926552,1000,203.275831
3371.073264,1000,203.611609
3515.643894,1000,203.717361
3189.398067,1000,204.049353
3246.360977,1000,204.155567
3522.65225,1000,204.485877
3520.671618,1000,204.590999
3551.211374,1000,204.921413
3464.092433,1000,205.026979
3689.714112,1000,205.357589
3784.083974,1000,205.463196
3611.009152,1000,205.793886
3549.654994,1000,205.900103
3577.953441,1000,206.236299
3597.279984,1000,206.347416
3337.135041,1000,206.679186
3589.558473,1000,206.784578
3650.863192,1000,206.889192
3599.56434,1000,207.231978
3501.081505,1000,207.33714
3673.595688,1000,207.665453
3413.88977,1000,207.7695
3230.560962,1000,208.098269
3474.770757,1000,208.203548
3462.721888,1000,208.533734
3535.055119,1000,208.639754
3487.151631,1000,208.969519
3423.27755,1000,209.074332
3364.156405,1000,209.404095
3699.055752,1000,209.509426
3664.54303,1000,209.839033
3564.446106,1000,209.944389
3369.554182,1000,210.273911
3676.973491,1000,210.380372
3729.980558,1000,210.71443
3817.842088,1000,210.819733
3401.233062,1000,211.149793
3755.936551,1000,211.255546
3359.070637,1000,211.585583
3668.590443,1000,211.690184
3434.555234,1000,212.020145
3261.90805,1000,212.126347
3557.173336,1000,212.457294
3228.56343,1000,212.564175
3491.850351,1000,212.894351
3548.617269,1000,212.999579
3473.662139,1000,213.328204
3452.60769,1000,213.43407
3687.985628,1000,213.764012
3699.630664,1000,213.869883
3689.46421,1000,214.20032
3495.002438,1000,214.305065
3522.746115,1000,214.63565
3572.057213,1000,214.741739
3265.539527,1000,215.071916
3733.713584,1000,215.177926
3623.377747,1000,215.506954
3390.946911,1000,215.611934
3610.742461,1000,215.940632
3576.541089,1000,216.046413
3735.779239,1000,216.151759
3575.756563,1000,216.482551
3543.902841,1000,216.610801
3343.122188,1000,216.942621
3554.321242,1000,217.048177
3664.397051,1000,217.378688
3632.470072,1000,217.484856
3512.43529,1000,217.815377
3493.128896,1000,217.920394
3754.61961,1000,218.249833
3693.492916,1000,218.355278
3607.496592,1000,218.685554
3687.407958,1000,218.791062
3590.660476,1000,219.123196
3409.036595,1000,219.228698
3536.389644,1000,219.559055
3567.674563,1000,219.665379
3127.988665,1000,219.996388
3614.546667,1000,220.102159
